Artist,nov17,mar18,value_growth
Albert Lebourg ,Average Value: 14687.5,Average Value:7025.258750000001,-52.16845106382978
Albert Lebourg ,Similar Objects,Similar Objects,
Albert Lebourg ,"['Cour de ferme (Normandie) USD 11,875 18 ¼ x 30 in. (46.2 x 76 cm.)|', 'Le bas de Meudon depuis les hauteurs de Bellevue USD 17,500 17 1/8 x 24 1/8 in. (43.5 x 63.3 cm.)|']","[""Le Port du Louvre et la Seine devant l'Institut GBP 11,875 15 7/8 x 25 5/8 in. (40.4 x 65 cm.)|"", 'Le bassin à Charenton GBP 7,500 15 3/4 x 25 3/4 in. (40 x 65.4 cm.)|']",
Albert Lebourg ,"['Le bas de Meudon depuis les hauteurs de Bellevue USD 17,500 17 1/8 x 24 1/8 in. (43.5 x 63.3 cm.)|', 'Cour de ferme (Normandie) USD 11,875 18 ¼ x 30 in. (46.2 x 76 cm.)|']","['Le bassin à Charenton GBP 7,500 15 3/4 x 25 3/4 in. (40 x 65.4 cm.)|', ""Le Port du Louvre et la Seine devant l'Institut GBP 11,875 15 7/8 x 25 5/8 in. (40.4 x 65 cm.)|""]",
Alexej von Jawlensky ,Average Value: 175000.0,Average Value:310924.35500000004,77.67106000000003
Alexej von Jawlensky ,Similar Objects,Similar Objects,
Alexej von Jawlensky ,"['Mystischer Kopf: Damenbildnis I USD 175,000 11 3/8 x 7 ¾ in. (29 x 19.7 cm.)|']","['Bretonin GBP 428,750 20 5/8 x 19 1/2 in. (52.5 x 49.5 cm.)|']",
André Brasilier ,Average Value: 65000.0,Average Value:52878.291666666664,-18.648782051282055
André Brasilier ,Similar Objects,Similar Objects,
André Brasilier ,"['Cavalcade portugaise USD 112,500 35 x 45 ½ in. (89 x 115.6 cm.)|', 'La Meute USD 52,500 35 x 45 ¾ in. (89 x 116 cm.)|']","[""Les cavaliers de l'hiver GBP 56,250 28 3/4 x 36 1/4 in. (73 x 92 cm.)|"", 'La colline blanche GBP 100,000 38 1/4 x 57 1/2 in. (97.4 x 146 cm.)|', 'Cinq cavaliers dans les vagues GBP 62,500 45 x 57 1/2 in. (114 x 146 cm.)|']",
André Brasilier ,"['La Meute USD 52,500 35 x 45 ¾ in. (89 x 116 cm.)|', 'Cavalcade portugaise USD 112,500 35 x 45 ½ in. (89 x 115.6 cm.)|']","['La colline blanche GBP 100,000 38 1/4 x 57 1/2 in. (97.4 x 146 cm.)|', 'Cinq cavaliers dans les vagues GBP 62,500 45 x 57 1/2 in. (114 x 146 cm.)|']",
André Brasilier ,"['Les Miroirs USD 30,000 25 ¾ x 19 ¾ in. (65.4 x 50.3 cm.)|', 'Cavalcade portugaise USD 112,500 35 x 45 ½ in. (89 x 115.6 cm.)|', 'La Meute USD 52,500 35 x 45 ¾ in. (89 x 116 cm.)|']","['Cinq cavaliers dans les vagues GBP 62,500 45 x 57 1/2 in. (114 x 146 cm.)|', 'La colline blanche GBP 100,000 38 1/4 x 57 1/2 in. (97.4 x 146 cm.)|']",
André Derain ,Average Value: 30000.0,Average Value:6526.692000000001,-78.24436
André Derain ,Similar Objects,Similar Objects,
André Derain ,"[""L'église de Crécy-en-Brie USD 30,000 21 x 20 in. (54.8 x 53.5 cm.)|""]","[""Portrait d'Alice Derain GBP 3,000 17 1/8 x 15 1/8 in. (43.5 x 38.5 cm.)|"", 'Portrait de femme GBP 15,000 16 1/8 x 13 in. (40.8 x 32.8 cm.)|']",
André Derain ,,"['Portrait de femme GBP 15,000 16 1/8 x 13 in. (40.8 x 32.8 cm.)|', ""Portrait d'Alice Derain GBP 3,000 17 1/8 x 15 1/8 in. (43.5 x 38.5 cm.)|""]",
Aristide Maillol ,Average Value: 77187.5,Average Value:90648.5,17.439352226720647
Aristide Maillol ,Similar Objects,Similar Objects,
Aristide Maillol ,"['Léda USD 162,500 Height: 11 1/8 in. (28.2 cm.)|']",,
Aristide Maillol ,"['Princesse Bibesco USD 15,000 Height: 5 ¾ in. (14.8 cm.)|', 'Léda USD 162,500 Height: 11 1/8 in. (28.2 cm.)|']",,
Armand Guillaumin ,Average Value: 47187.5,Average Value:72518.8,53.682225165562926
Armand Guillaumin ,Similar Objects,Similar Objects,
Armand Guillaumin ,"['La Seine à Charenton USD 50,000 9 5/8 x 14 in. (24.7 x 35.5 cm.)|', 'Autoportrait USD 68,750 17 7/8 x 14 ¾ in. (45.3 x 37.4 cm.)|', 'Notre-Dame de Paris vue des quais USD 37,500 9 ½ x 12 ¾ in. (24 x 32.5 cm.)|', 'Moulin Bouchardon USD 32,500 21 3/8 x 25 ½ in. (54.4 x 65 cm.)|']","[""L'Île Besse à Agay GBP 100,000 29 x 36 3/8 in. (73.5 x 92.3 cm.)|""]",
Armand Guillaumin ,"['Autoportrait USD 68,750 17 7/8 x 14 ¾ in. (45.3 x 37.4 cm.)|', 'Notre-Dame de Paris vue des quais USD 37,500 9 ½ x 12 ¾ in. (24 x 32.5 cm.)|', 'Moulin Bouchardon USD 32,500 21 3/8 x 25 ½ in. (54.4 x 65 cm.)|', 'La Seine à Charenton USD 50,000 9 5/8 x 14 in. (24.7 x 35.5 cm.)|']",,
Armand Guillaumin ,"['Notre-Dame de Paris vue des quais USD 37,500 9 ½ x 12 ¾ in. (24 x 32.5 cm.)|', 'Autoportrait USD 68,750 17 7/8 x 14 ¾ in. (45.3 x 37.4 cm.)|', 'La Seine à Charenton USD 50,000 9 5/8 x 14 in. (24.7 x 35.5 cm.)|', 'Moulin Bouchardon USD 32,500 21 3/8 x 25 ½ in. (54.4 x 65 cm.)|']",,
Armand Guillaumin ,"['Moulin Bouchardon USD 32,500 21 3/8 x 25 ½ in. (54.4 x 65 cm.)|', 'Autoportrait USD 68,750 17 7/8 x 14 ¾ in. (45.3 x 37.4 cm.)|']",,
Auguste Herbin ,Average Value: 225000.0,Average Value:25381.58,-88.71929777777778
Auguste Herbin ,Similar Objects,Similar Objects,
Auguste Herbin ,"[""Portrait d'homme USD 225,000 16 x 13 1/8 in. (40.8 x 33.4 cm.)|""]","['La Loue GBP 35,000 21 1/4 x 28 1/2 in. (54 x 72.8 cm.)|']",
Auguste Rodin ,Average Value: 69107.14285714286,Average Value:43209.11833333334,-37.47517760551248
Auguste Rodin ,Similar Objects,Similar Objects,
Auguste Rodin ,"['Etude pour Le Secret USD 100,000 Height: 4 7/8 in. (12.4 cm.)|', 'Nu féminin debout dit aussi ""Le Jour, Le jour, étude sans bras ni tête"" USD 20,000 Height: 8 ¾ in. (22.3 cm.)|', 'Tête de Balzac au front dégagé et au menton fendu dit aussi Tête type H USD 18,750 Height: 12 in. (30.5 cm.)|', ""L'un des Bourgeois de Calais: Jean de Fiennes, vêtu, réduction USD 175,000 Height: 18 ¼ in. (46.6 cm.)|"", 'Tête de Camille Claudel au bonnet USD 100,000 Height: 9 5/8 in. (24.5 cm.)|', 'Main droite No 1, petit modèle USD 51,250 Height: 4 5/8 in. (11.8 cm.)|', 'Buste de Clémenceau, 2ème impression USD 18,750 Height: 18 7/8 in. (48 cm.)|']","[""L'enfant prodigue, petit modèle GBP 62,500 Height: 21 5/8 in. (55.4 cm.)|""]",
Auguste Rodin ,"['Main droite No 1, petit modèle USD 51,250 Height: 4 5/8 in. (11.8 cm.)|', 'Tête de Balzac au front dégagé et au menton fendu dit aussi Tête type H USD 18,750 Height: 12 in. (30.5 cm.)|', 'Buste de Clémenceau, 2ème impression USD 18,750 Height: 18 7/8 in. (48 cm.)|', 'Nu féminin debout dit aussi ""Le Jour, Le jour, étude sans bras ni tête"" USD 20,000 Height: 8 ¾ in. (22.3 cm.)|', 'Tête de Camille Claudel au bonnet USD 100,000 Height: 9 5/8 in. (24.5 cm.)|', ""L'un des Bourgeois de Calais: Jean de Fiennes, vêtu, réduction USD 175,000 Height: 18 ¼ in. (46.6 cm.)|"", 'Etude pour Le Secret USD 100,000 Height: 4 7/8 in. (12.4 cm.)|']","['Etude de main dite no. 17 GBP 10,000 Height: 2 3/4 in. (7 cm.)|', 'Minotaure, version aux cornes courtes GBP 106,250 Height: 13 1/8 in. (33.3 cm.)|', ""L'enfant prodigue, petit modèle GBP 62,500 Height: 21 5/8 in. (55.4 cm.)|""]",
Auguste Rodin ,"['Nu féminin debout dit aussi ""Le Jour, Le jour, étude sans bras ni tête"" USD 20,000 Height: 8 ¾ in. (22.3 cm.)|', 'Tête de Camille Claudel au bonnet USD 100,000 Height: 9 5/8 in. (24.5 cm.)|', 'Buste de Clémenceau, 2ème impression USD 18,750 Height: 18 7/8 in. (48 cm.)|', 'Tête de Balzac au front dégagé et au menton fendu dit aussi Tête type H USD 18,750 Height: 12 in. (30.5 cm.)|', 'Etude pour Le Secret USD 100,000 Height: 4 7/8 in. (12.4 cm.)|', ""L'un des Bourgeois de Calais: Jean de Fiennes, vêtu, réduction USD 175,000 Height: 18 ¼ in. (46.6 cm.)|""]","['Minotaure, version aux cornes courtes GBP 106,250 Height: 13 1/8 in. (33.3 cm.)|', ""L'enfant prodigue, petit modèle GBP 62,500 Height: 21 5/8 in. (55.4 cm.)|""]",
Auguste Rodin ,"['Tête de Balzac au front dégagé et au menton fendu dit aussi Tête type H USD 18,750 Height: 12 in. (30.5 cm.)|', 'Buste de Clémenceau, 2ème impression USD 18,750 Height: 18 7/8 in. (48 cm.)|', 'Nu féminin debout dit aussi ""Le Jour, Le jour, étude sans bras ni tête"" USD 20,000 Height: 8 ¾ in. (22.3 cm.)|', 'Tête de Camille Claudel au bonnet USD 100,000 Height: 9 5/8 in. (24.5 cm.)|', ""L'un des Bourgeois de Calais: Jean de Fiennes, vêtu, réduction USD 175,000 Height: 18 ¼ in. (46.6 cm.)|""]",,
Auguste Rodin ,"[""L'un des Bourgeois de Calais: Jean de Fiennes, vêtu, réduction USD 175,000 Height: 18 ¼ in. (46.6 cm.)|"", 'Buste de Clémenceau, 2ème impression USD 18,750 Height: 18 7/8 in. (48 cm.)|']",,
Auguste Rodin ,"['Tête de Camille Claudel au bonnet USD 100,000 Height: 9 5/8 in. (24.5 cm.)|', 'Buste de Clémenceau, 2ème impression USD 18,750 Height: 18 7/8 in. (48 cm.)|', ""L'un des Bourgeois de Calais: Jean de Fiennes, vêtu, réduction USD 175,000 Height: 18 ¼ in. (46.6 cm.)|"", 'Nu féminin debout dit aussi ""Le Jour, Le jour, étude sans bras ni tête"" USD 20,000 Height: 8 ¾ in. (22.3 cm.)|', 'Tête de Balzac au front dégagé et au menton fendu dit aussi Tête type H USD 18,750 Height: 12 in. (30.5 cm.)|']",,
Auguste Rodin ,"['Buste de Clémenceau, 2ème impression USD 18,750 Height: 18 7/8 in. (48 cm.)|', ""L'un des Bourgeois de Calais: Jean de Fiennes, vêtu, réduction USD 175,000 Height: 18 ¼ in. (46.6 cm.)|""]",,
Baltasar Lobo ,Average Value: 343750.0,Average Value:32633.460000000003,-90.5066298181818
Baltasar Lobo ,Similar Objects,Similar Objects,
Baltasar Lobo ,"['Grande jeune fille à genoux USD 612,500 Height: 84 ¼ in. (215 cm.)|']","['Élan moyen GBP 50,000 Height: 29 1/8 in. (74 cm.)|']",
Baltasar Lobo ,"['Pensive à genoux USD 75,000 Height: 25 in. (63.5 cm.)|', 'Grande jeune fille à genoux USD 612,500 Height: 84 ¼ in. (215 cm.)|']","['Face au vent bras levé GBP 40,000 Height: 10 3/4 in. (28 cm.)|', 'Élan moyen GBP 50,000 Height: 29 1/8 in. (74 cm.)|']",
Bernard Buffet ,Average Value: 153125.0,Average Value:124043.4074,-18.99206047346939
Bernard Buffet ,Similar Objects,Similar Objects,
Bernard Buffet ,"['Douarnenez, les quais du grand port USD 212,500 35 3/8 x 51 ¼ in. (89.7 x 130.2 cm.)|', 'Les Dahlias USD 212,500 45 ¾ x 31 7/8 in. (116 x 81 cm.)|', 'Les bords du Morin USD 93,750 31 7/8 x 39 3/8 in. (81 x 100 cm.)|']","['Clown blanc au chapeau vert GBP 392,750 39 3/8 x 28 7/8 in. (100 x 73 cm.)|', ""Officier d'Empire, le trompette GBP 150,000 51 1/8 x 35 in. (130 x 89 cm.)|"", 'La falaise GBP 68,750 38 3/8 x 51 1/4 in. (97.5 x 130.5 cm.)|', 'Buick 1953 GBP 150,000 38 1/8 x 51 1/8 in. (97 x 130 cm.)|']",
Bernard Buffet ,"['Nature morte à la cafetière bleue USD 93,750 25 ½ x 18 in. (65 x 46 cm.)|', 'Les Dahlias USD 212,500 45 ¾ x 31 7/8 in. (116 x 81 cm.)|', 'Les bords du Morin USD 93,750 31 7/8 x 39 3/8 in. (81 x 100 cm.)|', 'Douarnenez, les quais du grand port USD 212,500 35 3/8 x 51 ¼ in. (89.7 x 130.2 cm.)|']","[""Officier d'Empire, le trompette GBP 150,000 51 1/8 x 35 in. (130 x 89 cm.)|"", 'Buick 1953 GBP 150,000 38 1/8 x 51 1/8 in. (97 x 130 cm.)|', 'La falaise GBP 68,750 38 3/8 x 51 1/4 in. (97.5 x 130.5 cm.)|']",
Bernard Buffet ,"['Les Dahlias USD 212,500 45 ¾ x 31 7/8 in. (116 x 81 cm.)|', 'Douarnenez, les quais du grand port USD 212,500 35 3/8 x 51 ¼ in. (89.7 x 130.2 cm.)|', 'Les bords du Morin USD 93,750 31 7/8 x 39 3/8 in. (81 x 100 cm.)|']","['Buick 1953 GBP 150,000 38 1/8 x 51 1/8 in. (97 x 130 cm.)|', ""Officier d'Empire, le trompette GBP 150,000 51 1/8 x 35 in. (130 x 89 cm.)|"", 'Clown blanc au chapeau vert GBP 392,750 39 3/8 x 28 7/8 in. (100 x 73 cm.)|', 'La falaise GBP 68,750 38 3/8 x 51 1/4 in. (97.5 x 130.5 cm.)|']",
Bernard Buffet ,"['Les bords du Morin USD 93,750 31 7/8 x 39 3/8 in. (81 x 100 cm.)|', 'Les Dahlias USD 212,500 45 ¾ x 31 7/8 in. (116 x 81 cm.)|', 'Douarnenez, les quais du grand port USD 212,500 35 3/8 x 51 ¼ in. (89.7 x 130.2 cm.)|']","['Pavots rouges GBP 93,750 25 1/2 x 18 1/8 in. (64.8 x 46 cm.)|', 'Buick 1953 GBP 150,000 38 1/8 x 51 1/8 in. (97 x 130 cm.)|', 'Clown blanc au chapeau vert GBP 392,750 39 3/8 x 28 7/8 in. (100 x 73 cm.)|', ""Officier d'Empire, le trompette GBP 150,000 51 1/8 x 35 in. (130 x 89 cm.)|"", 'La falaise GBP 68,750 38 3/8 x 51 1/4 in. (97.5 x 130.5 cm.)|']",
Bernard Buffet ,,"['La falaise GBP 68,750 38 3/8 x 51 1/4 in. (97.5 x 130.5 cm.)|', ""Officier d'Empire, le trompette GBP 150,000 51 1/8 x 35 in. (130 x 89 cm.)|"", 'Buick 1953 GBP 150,000 38 1/8 x 51 1/8 in. (97 x 130 cm.)|', 'Clown blanc au chapeau vert GBP 392,750 39 3/8 x 28 7/8 in. (100 x 73 cm.)|']",
Camille Bombois ,Average Value: 40000.0,Average Value:1722.3215000000002,-95.69419625
Camille Bombois ,Similar Objects,Similar Objects,
Camille Bombois ,"['Deux enfants jouant dans la forêt USD 40,000 23 5/8 x 28 7/8 in. (60 x 73.3 cm.)|']",,
Carlos Nadal ,Average Value: 17500.0,Average Value:30367.247500000005,73.5271285714286
Carlos Nadal ,Similar Objects,Similar Objects,
Carlos Nadal ,"[""Soutine chez l'amateur USD 20,000 23 5/8 x 28 7/8 in. (60 x 73.4 cm.)|""]","['Puerto Barcelona GBP 27,500 28 3/4 x 36 1/8 in. (73 x 91.8 cm.)|', 'Basilique de St. Marc GBP 56,250 25 1/2 x 31 3/4 in. x (65 x 81 cm.)|']",
Carlos Nadal ,"['Bodegón USD 15,000 15 ½ x 18 ½ in. (39.5 x 47 cm.)|', ""Soutine chez l'amateur USD 20,000 23 5/8 x 28 7/8 in. (60 x 73.4 cm.)|""]","['Basilique de St. Marc GBP 56,250 25 1/2 x 31 3/4 in. x (65 x 81 cm.)|', 'Puerto Barcelona GBP 27,500 28 3/4 x 36 1/8 in. (73 x 91.8 cm.)|']",
Chaïm Soutine ,Average Value: 702500.0,Average Value:406649.17100000003,-42.11399701067615
Chaïm Soutine ,Similar Objects,Similar Objects,
Chaïm Soutine ,"[""L'arbre de Vence USD 792,500 29 ½ x 26 ¼ in. (75 x 66.2 cm.)|"", 'Nature morte au poisson USD 612,500 18 ¼ x 28 7/8 in. (46.3 x 73.3 cm.)|']","['Maisons au bord de mer GBP 224,750 26 1/2 x 21 1/4 in. (67.4 x 53.8 cm.)|']",
Chaïm Soutine ,"['Nature morte au poisson USD 612,500 18 ¼ x 28 7/8 in. (46.3 x 73.3 cm.)|', ""L'arbre de Vence USD 792,500 29 ½ x 26 ¼ in. (75 x 66.2 cm.)|""]","['Portrait de Charlot GBP 896,750 11 3/4 x 9 7/8 in. (30.4 x 25.1 cm.)|', 'Maisons au bord de mer GBP 224,750 26 1/2 x 21 1/4 in. (67.4 x 53.8 cm.)|']",
Diego Giacometti ,Average Value: 125000.0,Average Value:215199.53900000002,72.15963120000002
Diego Giacometti ,Similar Objects,Similar Objects,
Diego Giacometti ,,"['Lampadaire aux trois oiseaux GBP 344,750 Height: 57 1/2 in. (146 cm.)|']",
Eugène Boudin ,Average Value: 205357.14285714287,Average Value:151890.62660000002,-26.035868786086954
Eugène Boudin ,Similar Objects,Similar Objects,
Eugène Boudin ,"['Trouville, Scène de plage USD 187,500 5 3/8 x 10 3/8 in. (13.8 x 26.5 cm.)|', 'Le port de Trouville USD 100,000 7 x 9 7/8 in. (17.8 x 25.1 cm.)|', 'Trouville, les jetées, marée haute USD 237,500 12 3/8 x 15 7/8 in. (31.5 x 40.3 cm.)|', 'Portrieux, le port marée basse USD 87,500 14 ½ x 23 1/8 in. (37 x 58.7 cm.)|', 'Voiliers, marée basse USD 37,500 14 x 18 3/8 in. (35.5 x 46.8 cm.)|', 'Villerville, Rivage, marée montante octobre USD 612,500 21 7/8 x 36 ¼ in. (55.6 x 92.3 cm.)|', 'Le quai de Camaret, Pêcheur attendant la marée USD 175,000 14 ½ x 23 in. (36.8 x 58.4 cm.)|']","['Scéne de plage à Trouville GBP 548,750 6 3/4 x 13 7/8 in. (17.1 x 35.2 cm.)|', 'Deauville. Scène de plage GBP 344,750 7 1/2 x 12 3/4 in. (19 x 32.3 cm.)|', 'Le pont Corneille, Rouen, effet de brouillard GBP 56,250 16 1/8 x 21 7/8 in. (41.3 x 55.7 cm.)|', 'Trouville. Les jetées GBP 37,500 8 3/8 x 10 3/4 in. (21.3 x 27.3 cm.)|', 'Trouville. Les jetées GBP 60,000 10 5/8 x 8 5/8 in. (21.7 x 27 cm.)|']",
Eugène Boudin ,"['Villerville, Rivage, marée montante octobre USD 612,500 21 7/8 x 36 ¼ in. (55.6 x 92.3 cm.)|']","['Deauville. Scène de plage GBP 344,750 7 1/2 x 12 3/4 in. (19 x 32.3 cm.)|', 'Trouville. Les jetées GBP 37,500 8 3/8 x 10 3/4 in. (21.3 x 27.3 cm.)|', 'Trouville. Les jetées GBP 60,000 10 5/8 x 8 5/8 in. (21.7 x 27 cm.)|', 'Le pont Corneille, Rouen, effet de brouillard GBP 56,250 16 1/8 x 21 7/8 in. (41.3 x 55.7 cm.)|', 'Scéne de plage à Trouville GBP 548,750 6 3/4 x 13 7/8 in. (17.1 x 35.2 cm.)|']",
Eugène Boudin ,"['Le port de Trouville USD 100,000 7 x 9 7/8 in. (17.8 x 25.1 cm.)|', 'Villerville, Rivage, marée montante octobre USD 612,500 21 7/8 x 36 ¼ in. (55.6 x 92.3 cm.)|', 'Voiliers, marée basse USD 37,500 14 x 18 3/8 in. (35.5 x 46.8 cm.)|', 'Le quai de Camaret, Pêcheur attendant la marée USD 175,000 14 ½ x 23 in. (36.8 x 58.4 cm.)|', 'Trouville, les jetées, marée haute USD 237,500 12 3/8 x 15 7/8 in. (31.5 x 40.3 cm.)|', 'Trouville, Scène de plage USD 187,500 5 3/8 x 10 3/8 in. (13.8 x 26.5 cm.)|', 'Portrieux, le port marée basse USD 87,500 14 ½ x 23 1/8 in. (37 x 58.7 cm.)|']","['Trouville. Les jetées GBP 37,500 8 3/8 x 10 3/4 in. (21.3 x 27.3 cm.)|', 'Deauville. Scène de plage GBP 344,750 7 1/2 x 12 3/4 in. (19 x 32.3 cm.)|', 'Scéne de plage à Trouville GBP 548,750 6 3/4 x 13 7/8 in. (17.1 x 35.2 cm.)|', 'Le pont Corneille, Rouen, effet de brouillard GBP 56,250 16 1/8 x 21 7/8 in. (41.3 x 55.7 cm.)|', 'Trouville. Les jetées GBP 60,000 10 5/8 x 8 5/8 in. (21.7 x 27 cm.)|']",
Eugène Boudin ,"['Trouville, les jetées, marée haute USD 237,500 12 3/8 x 15 7/8 in. (31.5 x 40.3 cm.)|', 'Le quai de Camaret, Pêcheur attendant la marée USD 175,000 14 ½ x 23 in. (36.8 x 58.4 cm.)|', 'Voiliers, marée basse USD 37,500 14 x 18 3/8 in. (35.5 x 46.8 cm.)|', 'Villerville, Rivage, marée montante octobre USD 612,500 21 7/8 x 36 ¼ in. (55.6 x 92.3 cm.)|', 'Portrieux, le port marée basse USD 87,500 14 ½ x 23 1/8 in. (37 x 58.7 cm.)|']","['Trouville. Les jetées GBP 60,000 10 5/8 x 8 5/8 in. (21.7 x 27 cm.)|', 'Trouville. Les jetées GBP 37,500 8 3/8 x 10 3/4 in. (21.3 x 27.3 cm.)|', 'Scéne de plage à Trouville GBP 548,750 6 3/4 x 13 7/8 in. (17.1 x 35.2 cm.)|', 'Deauville. Scène de plage GBP 344,750 7 1/2 x 12 3/4 in. (19 x 32.3 cm.)|', 'Le pont Corneille, Rouen, effet de brouillard GBP 56,250 16 1/8 x 21 7/8 in. (41.3 x 55.7 cm.)|']",
Eugène Boudin ,"['Portrieux, le port marée basse USD 87,500 14 ½ x 23 1/8 in. (37 x 58.7 cm.)|', 'Villerville, Rivage, marée montante octobre USD 612,500 21 7/8 x 36 ¼ in. (55.6 x 92.3 cm.)|', 'Voiliers, marée basse USD 37,500 14 x 18 3/8 in. (35.5 x 46.8 cm.)|', 'Le quai de Camaret, Pêcheur attendant la marée USD 175,000 14 ½ x 23 in. (36.8 x 58.4 cm.)|', 'Trouville, les jetées, marée haute USD 237,500 12 3/8 x 15 7/8 in. (31.5 x 40.3 cm.)|']","['Le pont Corneille, Rouen, effet de brouillard GBP 56,250 16 1/8 x 21 7/8 in. (41.3 x 55.7 cm.)|']",
Eugène Boudin ,"['Voiliers, marée basse USD 37,500 14 x 18 3/8 in. (35.5 x 46.8 cm.)|', 'Le quai de Camaret, Pêcheur attendant la marée USD 175,000 14 ½ x 23 in. (36.8 x 58.4 cm.)|', 'Villerville, Rivage, marée montante octobre USD 612,500 21 7/8 x 36 ¼ in. (55.6 x 92.3 cm.)|', 'Portrieux, le port marée basse USD 87,500 14 ½ x 23 1/8 in. (37 x 58.7 cm.)|', 'Trouville, les jetées, marée haute USD 237,500 12 3/8 x 15 7/8 in. (31.5 x 40.3 cm.)|']",,
Eugène Boudin ,"['Le quai de Camaret, Pêcheur attendant la marée USD 175,000 14 ½ x 23 in. (36.8 x 58.4 cm.)|', 'Trouville, les jetées, marée haute USD 237,500 12 3/8 x 15 7/8 in. (31.5 x 40.3 cm.)|', 'Portrieux, le port marée basse USD 87,500 14 ½ x 23 1/8 in. (37 x 58.7 cm.)|', 'Voiliers, marée basse USD 37,500 14 x 18 3/8 in. (35.5 x 46.8 cm.)|', 'Villerville, Rivage, marée montante octobre USD 612,500 21 7/8 x 36 ¼ in. (55.6 x 92.3 cm.)|']",,
Fernand Léger ,Average Value: 702500.0,Average Value:90104.60900000001,-87.17372113879003
Fernand Léger ,Similar Objects,Similar Objects,
Fernand Léger ,"['Tête de femme (Figure II) USD 948,500 25 ½ x 19 5/8 in. (65 x 50 cm.)|', 'Composition avec vase (Nature morte avec vase) USD 456,500 19 5/8 x 25 ½ in. (50 x 64.8 cm.)|']","['La femme à la rose GBP 224,750 13 x 16 1/8 in. (33 x 41 cm.)|', 'Le pot de fleur GBP 23,750 10 7/8 x 8 in. (27.7 x 20.2 cm.)|']",
Fernand Léger ,"['Composition avec vase (Nature morte avec vase) USD 456,500 19 5/8 x 25 ½ in. (50 x 64.8 cm.)|', 'Tête de femme (Figure II) USD 948,500 25 ½ x 19 5/8 in. (65 x 50 cm.)|']","['Le pot de fleur GBP 23,750 10 7/8 x 8 in. (27.7 x 20.2 cm.)|', 'La femme à la rose GBP 224,750 13 x 16 1/8 in. (33 x 41 cm.)|']",
Francis Picabia ,Average Value: 87500.0,Average Value:58921.525,-32.661114285714284
Francis Picabia ,Similar Objects,Similar Objects,
Francis Picabia ,"['Martigues USD 87,500 15 1/8 x 18 ¼ in. (38.5 x 46.4 cm.)|']","['Composition abstraite GBP 81,250 21 3/4 x 18 1/4 in. (55.3 x 46.3 cm.)|']",
Georges Braque ,Average Value: 43750.0,Average Value:74936.09333333334,71.28249904761905
Georges Braque ,Similar Objects,Similar Objects,
Georges Braque ,,"['Verre et fruits GBP 187,500 9 1/2 x 13 3/4 in. (24 x 35 cm.)|', ""L'oiseau de feu GBP 62,500 11 x 19 3/4 in. (28 x 50 cm.)|""]",
Georges Braque ,,"[""L'oiseau de feu GBP 62,500 11 x 19 3/4 in. (28 x 50 cm.)|"", 'Verre et fruits GBP 187,500 9 1/2 x 13 3/4 in. (24 x 35 cm.)|']",
Georges Braque ,,"['Hespéris GBP 60,000 Height: 17 3/4 in. (45 cm.)|']",
Georges Rouault ,Average Value: 243000.0,Average Value:25381.58,-89.55490534979424
Georges Rouault ,Similar Objects,Similar Objects,
Georges Rouault ,"['Pierrot (à la lune) USD 137,500 25 ½ x 19 5/8 in. (64.8 x 49.9 cm.)|', 'Fille de cirque (Reine de Saba) USD 348,500 21 ½ x 16 1/8 in. (57.2 x 41 cm.)|']","['Christ de profil GBP 35,000 13 5/8 x 11 3/8 in. (34.5 x 28.5 cm.)|']",
Georges Rouault ,"['Fille de cirque (Reine de Saba) USD 348,500 21 ½ x 16 1/8 in. (57.2 x 41 cm.)|', 'Pierrot (à la lune) USD 137,500 25 ½ x 19 5/8 in. (64.8 x 49.9 cm.)|']",,
Giacomo Manzù ,Average Value: 12500.0,Average Value:23568.61,88.54888
Giacomo Manzù ,Similar Objects,Similar Objects,
Giacomo Manzù ,"['Guerriero in piedi USD 12,500 Height: 50 in. (127 cm.)|']","['Striptease GBP 32,500 Height: 22 in. (56.5 cm.)|']",
Henri Le Sidaner ,Average Value: 45833.333333333336,Average Value:37619.1275,-17.921903636363638
Henri Le Sidaner ,Similar Objects,Similar Objects,
Henri Le Sidaner ,"['Roses USD 21,250 18 1/8 x 15 1/8 in. (46.1 x 38.4 cm.)|', 'Barques blanches au clair de lune USD 81,250 22 7/8 x 27 1/8 in. (58 x 69 cm.)|', 'Les petites vieilles USD 35,000 12 ¾ x 17 ½ in. (32.5 x 44.6 cm.)|']","['La petite boutique, Gerberoy GBP 81,250 23 1/4 x 32 (59 x 81.2 cm.)|']",
Henri Le Sidaner ,"['Barques blanches au clair de lune USD 81,250 22 7/8 x 27 1/8 in. (58 x 69 cm.)|']","['Sur les dunes, Etaples GBP 22,500 18 1/4 x 24 in. (46.5 x 61 cm.)|', 'La petite boutique, Gerberoy GBP 81,250 23 1/4 x 32 (59 x 81.2 cm.)|']",
Henri Le Sidaner ,"['Les petites vieilles USD 35,000 12 ¾ x 17 ½ in. (32.5 x 44.6 cm.)|', 'Roses USD 21,250 18 1/8 x 15 1/8 in. (46.1 x 38.4 cm.)|', 'Barques blanches au clair de lune USD 81,250 22 7/8 x 27 1/8 in. (58 x 69 cm.)|']",,
Henri Lebasque ,Average Value: 65000.0,Average Value:25985.903333333335,-60.021687179487174
Henri Lebasque ,Similar Objects,Similar Objects,
Henri Lebasque ,"['Mère et enfant USD 65,000 18 1/8 x 22 3/8 in. (46 x 56.9 cm.)|']","['Nu assis otant sa chemise GBP 45,000 18 1/8 x 15 in. (46 x 38 cm.)|', 'Trois baigneuses sur la plage GBP 32,500 18 1/8 x 21 3/4 in. (46 x 55.3 cm.)|', 'Vase de fleurs GBP 30,000 24 1/8 x 18 1/8 in. (61.3 x 46 cm.)|']",
Henri Lebasque ,,"['Trois baigneuses sur la plage GBP 32,500 18 1/8 x 21 3/4 in. (46 x 55.3 cm.)|', 'Vase de fleurs GBP 30,000 24 1/8 x 18 1/8 in. (61.3 x 46 cm.)|', 'Nu assis otant sa chemise GBP 45,000 18 1/8 x 15 in. (46 x 38 cm.)|']",
Henri Lebasque ,,"['Vase de fleurs GBP 30,000 24 1/8 x 18 1/8 in. (61.3 x 46 cm.)|', 'Trois baigneuses sur la plage GBP 32,500 18 1/8 x 21 3/4 in. (46 x 55.3 cm.)|', 'Nu assis otant sa chemise GBP 45,000 18 1/8 x 15 in. (46 x 38 cm.)|']",
Henri Martin ,Average Value: 165312.5,Average Value:166007.6196666667,0.4204882671707794
Henri Martin ,Similar Objects,Similar Objects,
Henri Martin ,"['Le port de Marseille USD 275,000 27 ½ x 29 1/8 in. (70 x 74 cm.)|', ""L'église de Labastide USD 250,000 36 x 45 ¾ in. (91.5 x 116.5 cm.)|"", 'Le pont de Labastide-du-Vert en hiver USD 93,750 22 3/8 x 39 3/8 in. (57 x 100.2 cm.)|', 'La Paysanne USD 42,500 32 3/8 x 14 1/8 in. (82.3 x 35.9 cm.)|']","['Le bassin central du parc de Marquayrol GBP 440,750 37 7/8 x 51 1/2 in. (81 x 131 cm.)|']",
Henri Martin ,"[""L'église de Labastide USD 250,000 36 x 45 ¾ in. (91.5 x 116.5 cm.)|"", 'La Paysanne USD 42,500 32 3/8 x 14 1/8 in. (82.3 x 35.9 cm.)|']","[""Vue d'une fontaine dans une allée du parc de Versailles GBP 21,250 16 1/8 x 12 3/4 in. (41 x 32.3 cm.)|"", 'Le bassin central du parc de Marquayrol GBP 440,750 37 7/8 x 51 1/2 in. (81 x 131 cm.)|']",
Henri Martin ,"['La Paysanne USD 42,500 32 3/8 x 14 1/8 in. (82.3 x 35.9 cm.)|', ""L'église de Labastide USD 250,000 36 x 45 ¾ in. (91.5 x 116.5 cm.)|"", 'Le port de Marseille USD 275,000 27 ½ x 29 1/8 in. (70 x 74 cm.)|', 'Le pont de Labastide-du-Vert en hiver USD 93,750 22 3/8 x 39 3/8 in. (57 x 100.2 cm.)|']",,
Henri Martin ,"['Le pont de Labastide-du-Vert en hiver USD 93,750 22 3/8 x 39 3/8 in. (57 x 100.2 cm.)|', 'La Paysanne USD 42,500 32 3/8 x 14 1/8 in. (82.3 x 35.9 cm.)|', 'Le port de Marseille USD 275,000 27 ½ x 29 1/8 in. (70 x 74 cm.)|', ""L'église de Labastide USD 250,000 36 x 45 ¾ in. (91.5 x 116.5 cm.)|""]",,
Henri Matisse ,Average Value: 324500.0,Average Value:319626.61100000003,-1.501814791987663
Henri Matisse ,Similar Objects,Similar Objects,
Henri Matisse ,"['Paysage, St. Tropez USD 324,500 11 ¾ x 7 in. (30 x 17.8 cm.)|']","['Le vivier (Paysage de Provence) GBP 440,750 18 1/4 x 21 3/4 in. (46.4 x 55 cm.)|']",
Henry Moore ,Average Value: 49583.333333333336,Average Value:58921.525,18.83332773109243
Henry Moore ,Similar Objects,Similar Objects,
Henry Moore ,"['Maquette for Mother and Child: Block Seat USD 60,000 Height: 7 in. (17.8 cm.)|', 'Mother and Child: Gothic USD 31,250 Height: 7 5/8 in. (19.4 cm.)|', 'Seated Mother and Baby USD 81,250 Height: 7 7/8 in. (20 cm.)|']",,
Henry Moore ,"['Mother and Child: Gothic USD 31,250 Height: 7 5/8 in. (19.4 cm.)|', 'Seated Mother and Baby USD 81,250 Height: 7 7/8 in. (20 cm.)|', 'Maquette for Mother and Child: Block Seat USD 60,000 Height: 7 in. (17.8 cm.)|']",,
Henry Moore ,"['Seated Mother and Baby USD 81,250 Height: 7 7/8 in. (20 cm.)|', 'Mother and Child: Gothic USD 31,250 Height: 7 5/8 in. (19.4 cm.)|', 'Maquette for Mother and Child: Block Seat USD 60,000 Height: 7 in. (17.8 cm.)|']",,
Jean-Pierre Cassigneul ,Average Value: 72500.0,Average Value:54389.100000000006,-24.980551724137925
Jean-Pierre Cassigneul ,Similar Objects,Similar Objects,
Jean-Pierre Cassigneul ,"['Femme en vert USD 106,250 36 1/8 x 28 5/8 in. (91.7 x 72.7 cm.)|', 'Le vase de tulipes USD 21,250 31 7/8 x 25 ¾ in. (81 x 65.4 cm.)|', 'La statue oubliée USD 100,000 63 ¾ x 51 1/8 in. (161.9 x 129.9 cm.)|']","['La promenade GBP 75,000 76 3/4 x 51 1/8 in. (195 x 130 cm.)|']",
Jean-Pierre Cassigneul ,"['Le vase de tulipes USD 21,250 31 7/8 x 25 ¾ in. (81 x 65.4 cm.)|', 'La statue oubliée USD 100,000 63 ¾ x 51 1/8 in. (161.9 x 129.9 cm.)|', 'Dans le pré USD 62,500 31 7/8 x 23 5/8 in. (81 x 60 cm.)|', 'Femme en vert USD 106,250 36 1/8 x 28 5/8 in. (91.7 x 72.7 cm.)|']",,
Jean-Pierre Cassigneul ,"['La statue oubliée USD 100,000 63 ¾ x 51 1/8 in. (161.9 x 129.9 cm.)|']",,
Jean-Pierre Cassigneul ,"['Dans le pré USD 62,500 31 7/8 x 23 5/8 in. (81 x 60 cm.)|', 'La statue oubliée USD 100,000 63 ¾ x 51 1/8 in. (161.9 x 129.9 cm.)|', 'Femme en vert USD 106,250 36 1/8 x 28 5/8 in. (91.7 x 72.7 cm.)|', 'Le vase de tulipes USD 21,250 31 7/8 x 25 ¾ in. (81 x 65.4 cm.)|']",,
Joan Miró ,Average Value: 396500.0,Average Value:63453.950000000004,-83.99648171500631
Joan Miró ,Similar Objects,Similar Objects,
Joan Miró ,"['Femme USD 396,500 Height: 23 5/8 in. (60 cm.)|']","['Plaque double face GBP 87,500 Height: 6 3/8 in. (16 cm.)|']",
Jules Pascin ,Average Value: 50000.0,Average Value:16316.730000000001,-67.36653999999999
Jules Pascin ,Similar Objects,Similar Objects,
Jules Pascin ,"['Jeune fille pensive USD 50,000 32 1/8 x 25 7/8 in. (81.5 x 65 cm.)|', 'Rebecca couchée USD 55,000 28 ¾ x 36 ¼ in. (73 x 92.3 cm.)|']","['Femme sur un fauteuil (Geneviève) GBP 22,500 28 1/4 x 23 5/8 in. (72 x 59.5 cm.)|']",
Jules Pascin ,"['Fillette au chat (Portrait de Ruth Wood-Gaylor) USD 47,500 24 ¼ x 20 1/8 in. (61.3 x 51.1 cm.)|', 'Hermine au fume-cigarette USD 47,500 20 3/8 x 16 7/8 in. (51.7 x 43 cm.)|', 'Rebecca couchée USD 55,000 28 ¾ x 36 ¼ in. (73 x 92.3 cm.)|', 'Jeune fille pensive USD 50,000 32 1/8 x 25 7/8 in. (81.5 x 65 cm.)|']",,
Jules Pascin ,"['Hermine au fume-cigarette USD 47,500 20 3/8 x 16 7/8 in. (51.7 x 43 cm.)|', 'Fillette au chat (Portrait de Ruth Wood-Gaylor) USD 47,500 24 ¼ x 20 1/8 in. (61.3 x 51.1 cm.)|', 'Jeune fille pensive USD 50,000 32 1/8 x 25 7/8 in. (81.5 x 65 cm.)|', 'Rebecca couchée USD 55,000 28 ¾ x 36 ¼ in. (73 x 92.3 cm.)|']",,
Jules Pascin ,"['Rebecca couchée USD 55,000 28 ¾ x 36 ¼ in. (73 x 92.3 cm.)|', 'Jeune fille pensive USD 50,000 32 1/8 x 25 7/8 in. (81.5 x 65 cm.)|']",,
Louis Valtat ,Average Value: 23750.0,Average Value:21755.640000000003,-8.397305263157882
Louis Valtat ,Similar Objects,Similar Objects,
Louis Valtat ,"[""Vase à l'oiseau, crocus et tulipes USD 23,750 16 1/8 x 11 1/8 in. (41 x 28.2 cm.)|""]","['Fleurs dans un vase GBP 30,000 25 3/4 x 19 3/4 in. (65.3 x 50.2 cm.)|']",
Léonard Tsuguharu Foujita ,Average Value: 227321.42857142858,Average Value:117843.05,-48.16016653574234
Léonard Tsuguharu Foujita ,Similar Objects,Similar Objects,
Léonard Tsuguharu Foujita ,"['Jeune fille sur le toit de Paris USD 150,000 7 ½ x 5 ½ in. (18 x 14.3 cm.)|', 'La fillette au ciel bleu USD 137,500 9 ½ x 7 ½ in. (24.2 x 19.1 cm.)|', 'Le Médaillon USD 106,250 9 7/8 x 7 7/8 in. (25.2 x 20 cm.)|', 'Les deux amies USD 372,500 23 ¾ x 21 ½ in. (60.3 x 54.6 cm.)|', 'Jeune fille épluchant des pommes de terre USD 300,000 13 ¾ x 10 ¾ in. (35 x 27.4 cm.)|', 'Jeune fille avec ses chats USD 250,000 13 ¾ x 10 5/8 in. (35 x 27 cm.)|', 'Fleurs et papillons USD 275,000 18 1/8 x 25 ½ in. (46.2 x 65 cm.)|']","['Acrobate en équilibre sur une main GBP 162,500 63 1/8 x 27 1/2 in. (160.5 x 70 cm.)|']",
Léonard Tsuguharu Foujita ,"['Jeune fille épluchant des pommes de terre USD 300,000 13 ¾ x 10 ¾ in. (35 x 27.4 cm.)|', 'La fillette au ciel bleu USD 137,500 9 ½ x 7 ½ in. (24.2 x 19.1 cm.)|', 'Jeune fille avec ses chats USD 250,000 13 ¾ x 10 5/8 in. (35 x 27 cm.)|', 'Fleurs et papillons USD 275,000 18 1/8 x 25 ½ in. (46.2 x 65 cm.)|', 'Les deux amies USD 372,500 23 ¾ x 21 ½ in. (60.3 x 54.6 cm.)|', 'Le Médaillon USD 106,250 9 7/8 x 7 7/8 in. (25.2 x 20 cm.)|']",,
Léonard Tsuguharu Foujita ,"['Fleurs et papillons USD 275,000 18 1/8 x 25 ½ in. (46.2 x 65 cm.)|', 'Les deux amies USD 372,500 23 ¾ x 21 ½ in. (60.3 x 54.6 cm.)|']",,
Léonard Tsuguharu Foujita ,"['La fillette au ciel bleu USD 137,500 9 ½ x 7 ½ in. (24.2 x 19.1 cm.)|', 'Jeune fille sur le toit de Paris USD 150,000 7 ½ x 5 ½ in. (18 x 14.3 cm.)|', 'Jeune fille avec ses chats USD 250,000 13 ¾ x 10 5/8 in. (35 x 27 cm.)|', 'Fleurs et papillons USD 275,000 18 1/8 x 25 ½ in. (46.2 x 65 cm.)|', 'Les deux amies USD 372,500 23 ¾ x 21 ½ in. (60.3 x 54.6 cm.)|', 'Jeune fille épluchant des pommes de terre USD 300,000 13 ¾ x 10 ¾ in. (35 x 27.4 cm.)|', 'Le Médaillon USD 106,250 9 7/8 x 7 7/8 in. (25.2 x 20 cm.)|']",,
Léonard Tsuguharu Foujita ,"['Le Médaillon USD 106,250 9 7/8 x 7 7/8 in. (25.2 x 20 cm.)|', 'Jeune fille sur le toit de Paris USD 150,000 7 ½ x 5 ½ in. (18 x 14.3 cm.)|', 'Jeune fille épluchant des pommes de terre USD 300,000 13 ¾ x 10 ¾ in. (35 x 27.4 cm.)|', 'Les deux amies USD 372,500 23 ¾ x 21 ½ in. (60.3 x 54.6 cm.)|', 'Fleurs et papillons USD 275,000 18 1/8 x 25 ½ in. (46.2 x 65 cm.)|', 'Jeune fille avec ses chats USD 250,000 13 ¾ x 10 5/8 in. (35 x 27 cm.)|', 'La fillette au ciel bleu USD 137,500 9 ½ x 7 ½ in. (24.2 x 19.1 cm.)|']",,
Léonard Tsuguharu Foujita ,"['Les deux amies USD 372,500 23 ¾ x 21 ½ in. (60.3 x 54.6 cm.)|', 'Fleurs et papillons USD 275,000 18 1/8 x 25 ½ in. (46.2 x 65 cm.)|']",,
Léonard Tsuguharu Foujita ,"['Jeune fille avec ses chats USD 250,000 13 ¾ x 10 5/8 in. (35 x 27 cm.)|', 'Fleurs et papillons USD 275,000 18 1/8 x 25 ½ in. (46.2 x 65 cm.)|', 'La fillette au ciel bleu USD 137,500 9 ½ x 7 ½ in. (24.2 x 19.1 cm.)|', 'Le Médaillon USD 106,250 9 7/8 x 7 7/8 in. (25.2 x 20 cm.)|', 'Les deux amies USD 372,500 23 ¾ x 21 ½ in. (60.3 x 54.6 cm.)|', 'Jeune fille épluchant des pommes de terre USD 300,000 13 ¾ x 10 ¾ in. (35 x 27.4 cm.)|']",,
Marie Laurencin ,Average Value: 56250.0,Average Value:906.485,-98.38847111111112
Marie Laurencin ,Similar Objects,Similar Objects,
Marie Laurencin ,"['Tête de femme USD 56,250 13 x 16 1/8 in. (33 x 41 cm.)|']","['La dompteuse GBP 1,250 7 1/2 x 9 1/2 in. (19 x 24 cm.)|']",
Maurice Denis ,Average Value: 158416.66666666666,Average Value:371840.14700000006,134.72287027880068
Maurice Denis ,Similar Objects,Similar Objects,
Maurice Denis ,"['La dune rose USD 60,000 15 x 18 ½ in. (38 x 46.2 cm.)|', 'La Pécheresse USD 396,500 21 ¾ x 27 3/8 in. (55.3 x 69.5 cm.)|', 'Acis et Galatée USD 18,750 19 7/8 x 14 ¾ in. (50.5 x 37.5 cm.)|']","['Maternité à la pomme GBP 512,750 27 1/4 x 20 in. (69.2 x 51 cm.)|']",
Maurice Denis ,"['La Pécheresse USD 396,500 21 ¾ x 27 3/8 in. (55.3 x 69.5 cm.)|', 'Acis et Galatée USD 18,750 19 7/8 x 14 ¾ in. (50.5 x 37.5 cm.)|']",,
Maurice Denis ,"['Acis et Galatée USD 18,750 19 7/8 x 14 ¾ in. (50.5 x 37.5 cm.)|', 'La Pécheresse USD 396,500 21 ¾ x 27 3/8 in. (55.3 x 69.5 cm.)|', 'La dune rose USD 60,000 15 x 18 ½ in. (38 x 46.2 cm.)|']",,
Maurice Utrillo ,Average Value: 81250.0,Average Value:63453.950000000004,-21.902830769230764
Maurice Utrillo ,Similar Objects,Similar Objects,
Maurice Utrillo ,"['Rue Saint-Rustique à Montmartre USD 81,250 18 1/8 x 14 7/8 in. (46 x 37.7 cm.)|']","[""Eglise Sainte-Marie, I'lle de Ré (Charente-inférieure) GBP 75,000 25 5/8 x 19 3/4 in. (65 x 50.2 cm.)|"", ""Rue d'Auteuil GBP 100,000 22 7/8 x 32 in. (58 x 81.5 cm.)|""]",
Maurice Utrillo ,,"[""Rue d'Auteuil GBP 100,000 22 7/8 x 32 in. (58 x 81.5 cm.)|"", ""Eglise Sainte-Marie, I'lle de Ré (Charente-inférieure) GBP 75,000 25 5/8 x 19 3/4 in. (65 x 50.2 cm.)|""]",
Maurice de Vlaminck ,Average Value: 74062.5,Average Value:53281.17388888889,-28.059174496015004
Maurice de Vlaminck ,Similar Objects,Similar Objects,
Maurice de Vlaminck ,"['Paysage USD 87,500 21 ½ x 28 ¾ in. (54.5 x 73 cm.)|', 'Eglise sous la neige USD 87,500 18 3/8 x 21 ¾ in. (46.5 x 55.1 cm.)|', 'Village au bord de la rivière USD 100,000 21 ¼ x 25 5/8 in. (54 x 65.1 cm.)|', 'Nature morte aux fruits USD 21,250 21 5/8 x 18 1/8 in. (55 x 46 cm.)|']","['Les meules près de la chaumière GBP 81,250 23 1/2 x 28 3/4 in. (59.7 x 73 cm.)|', 'Dégel en forêt GBP 68,750 23 5/8 x 28 3/4 in. (60 x 73 cm.)|', 'La ferme GBP 47,500 21 1/4 x 25 5/8 in. (54 x 65 cm.)|', 'Environs de Bourth GBP 87,500 23 3/4 x 28 5/8 in. (60.4 x 73 cm.)|', 'La barque de pêche GBP 87,500 25 3/4 x 36 1/4 in. (65.3 x 92 cm.)|', 'Paysage de neige GBP 93,750 21 1/4 x 25 5/8 in. (54 x 65 cm.)|', 'La Rivière GBP 137,500 25 5/8 x 31 7/8 in. (65.1 x 81 cm.)|']",
Maurice de Vlaminck ,"['Eglise sous la neige USD 87,500 18 3/8 x 21 ¾ in. (46.5 x 55.1 cm.)|', 'Village au bord de la rivière USD 100,000 21 ¼ x 25 5/8 in. (54 x 65.1 cm.)|', 'Nature morte aux fruits USD 21,250 21 5/8 x 18 1/8 in. (55 x 46 cm.)|', 'Paysage USD 87,500 21 ½ x 28 ¾ in. (54.5 x 73 cm.)|']","['La barque de pêche GBP 87,500 25 3/4 x 36 1/4 in. (65.3 x 92 cm.)|', 'La Rivière GBP 137,500 25 5/8 x 31 7/8 in. (65.1 x 81 cm.)|', 'Les meules près de la chaumière GBP 81,250 23 1/2 x 28 3/4 in. (59.7 x 73 cm.)|', 'Environs de Bourth GBP 87,500 23 3/4 x 28 5/8 in. (60.4 x 73 cm.)|', 'Dégel en forêt GBP 68,750 23 5/8 x 28 3/4 in. (60 x 73 cm.)|']",
Maurice de Vlaminck ,"['Village au bord de la rivière USD 100,000 21 ¼ x 25 5/8 in. (54 x 65.1 cm.)|', 'Eglise sous la neige USD 87,500 18 3/8 x 21 ¾ in. (46.5 x 55.1 cm.)|', 'Paysage USD 87,500 21 ½ x 28 ¾ in. (54.5 x 73 cm.)|', 'Nature morte aux fruits USD 21,250 21 5/8 x 18 1/8 in. (55 x 46 cm.)|']","['La Rivière GBP 137,500 25 5/8 x 31 7/8 in. (65.1 x 81 cm.)|', 'Environs de Bourth GBP 87,500 23 3/4 x 28 5/8 in. (60.4 x 73 cm.)|', 'La barque de pêche GBP 87,500 25 3/4 x 36 1/4 in. (65.3 x 92 cm.)|', 'Dégel en forêt GBP 68,750 23 5/8 x 28 3/4 in. (60 x 73 cm.)|', 'Les meules près de la chaumière GBP 81,250 23 1/2 x 28 3/4 in. (59.7 x 73 cm.)|']",
Maurice de Vlaminck ,"['Nature morte aux fruits USD 21,250 21 5/8 x 18 1/8 in. (55 x 46 cm.)|', 'Village au bord de la rivière USD 100,000 21 ¼ x 25 5/8 in. (54 x 65.1 cm.)|', 'Paysage USD 87,500 21 ½ x 28 ¾ in. (54.5 x 73 cm.)|', 'Eglise sous la neige USD 87,500 18 3/8 x 21 ¾ in. (46.5 x 55.1 cm.)|']","['Vase de fleurs GBP 27,500 18 1/8 x 13 in. (46 x 33 cm.)|', 'Les meules près de la chaumière GBP 81,250 23 1/2 x 28 3/4 in. (59.7 x 73 cm.)|', 'Dégel en forêt GBP 68,750 23 5/8 x 28 3/4 in. (60 x 73 cm.)|', 'Paysage de neige GBP 93,750 21 1/4 x 25 5/8 in. (54 x 65 cm.)|', 'La Rivière GBP 137,500 25 5/8 x 31 7/8 in. (65.1 x 81 cm.)|', 'Rue de Village GBP 30,000 9 1/2 x 13 in. (24 x 33 cm.)|', 'La barque de pêche GBP 87,500 25 3/4 x 36 1/4 in. (65.3 x 92 cm.)|', 'Environs de Bourth GBP 87,500 23 3/4 x 28 5/8 in. (60.4 x 73 cm.)|', 'La ferme GBP 47,500 21 1/4 x 25 5/8 in. (54 x 65 cm.)|']",
Maurice de Vlaminck ,,"['La ferme GBP 47,500 21 1/4 x 25 5/8 in. (54 x 65 cm.)|', 'Dégel en forêt GBP 68,750 23 5/8 x 28 3/4 in. (60 x 73 cm.)|', 'Environs de Bourth GBP 87,500 23 3/4 x 28 5/8 in. (60.4 x 73 cm.)|', 'Les meules près de la chaumière GBP 81,250 23 1/2 x 28 3/4 in. (59.7 x 73 cm.)|', 'La barque de pêche GBP 87,500 25 3/4 x 36 1/4 in. (65.3 x 92 cm.)|', 'La Rivière GBP 137,500 25 5/8 x 31 7/8 in. (65.1 x 81 cm.)|', 'Paysage de neige GBP 93,750 21 1/4 x 25 5/8 in. (54 x 65 cm.)|', 'Vase de fleurs GBP 27,500 18 1/8 x 13 in. (46 x 33 cm.)|']",
Maurice de Vlaminck ,,"['Rue de Village GBP 30,000 9 1/2 x 13 in. (24 x 33 cm.)|', 'Paysage de neige GBP 93,750 21 1/4 x 25 5/8 in. (54 x 65 cm.)|', 'La barque de pêche GBP 87,500 25 3/4 x 36 1/4 in. (65.3 x 92 cm.)|', 'Environs de Bourth GBP 87,500 23 3/4 x 28 5/8 in. (60.4 x 73 cm.)|', 'Les meules près de la chaumière GBP 81,250 23 1/2 x 28 3/4 in. (59.7 x 73 cm.)|', 'La ferme GBP 47,500 21 1/4 x 25 5/8 in. (54 x 65 cm.)|', 'La Rivière GBP 137,500 25 5/8 x 31 7/8 in. (65.1 x 81 cm.)|', 'Vase de fleurs GBP 27,500 18 1/8 x 13 in. (46 x 33 cm.)|', 'Dégel en forêt GBP 68,750 23 5/8 x 28 3/4 in. (60 x 73 cm.)|']",
Maurice de Vlaminck ,,"['Paysage de neige GBP 93,750 21 1/4 x 25 5/8 in. (54 x 65 cm.)|', 'La Rivière GBP 137,500 25 5/8 x 31 7/8 in. (65.1 x 81 cm.)|', 'Dégel en forêt GBP 68,750 23 5/8 x 28 3/4 in. (60 x 73 cm.)|', 'Vase de fleurs GBP 27,500 18 1/8 x 13 in. (46 x 33 cm.)|', 'La ferme GBP 47,500 21 1/4 x 25 5/8 in. (54 x 65 cm.)|', 'Les meules près de la chaumière GBP 81,250 23 1/2 x 28 3/4 in. (59.7 x 73 cm.)|', 'Environs de Bourth GBP 87,500 23 3/4 x 28 5/8 in. (60.4 x 73 cm.)|', 'La barque de pêche GBP 87,500 25 3/4 x 36 1/4 in. (65.3 x 92 cm.)|']",
Maurice de Vlaminck ,,"['Dégel en forêt GBP 68,750 23 5/8 x 28 3/4 in. (60 x 73 cm.)|', 'La Rivière GBP 137,500 25 5/8 x 31 7/8 in. (65.1 x 81 cm.)|', 'Paysage de neige GBP 93,750 21 1/4 x 25 5/8 in. (54 x 65 cm.)|', 'La barque de pêche GBP 87,500 25 3/4 x 36 1/4 in. (65.3 x 92 cm.)|', 'Environs de Bourth GBP 87,500 23 3/4 x 28 5/8 in. (60.4 x 73 cm.)|', 'Les meules près de la chaumière GBP 81,250 23 1/2 x 28 3/4 in. (59.7 x 73 cm.)|', 'La ferme GBP 47,500 21 1/4 x 25 5/8 in. (54 x 65 cm.)|']",
Maurice de Vlaminck ,,"['Environs de Bourth GBP 87,500 23 3/4 x 28 5/8 in. (60.4 x 73 cm.)|', 'Les meules près de la chaumière GBP 81,250 23 1/2 x 28 3/4 in. (59.7 x 73 cm.)|', 'La barque de pêche GBP 87,500 25 3/4 x 36 1/4 in. (65.3 x 92 cm.)|', 'Paysage de neige GBP 93,750 21 1/4 x 25 5/8 in. (54 x 65 cm.)|', 'La Rivière GBP 137,500 25 5/8 x 31 7/8 in. (65.1 x 81 cm.)|', 'Dégel en forêt GBP 68,750 23 5/8 x 28 3/4 in. (60 x 73 cm.)|', 'La ferme GBP 47,500 21 1/4 x 25 5/8 in. (54 x 65 cm.)|']",
Max Ernst ,Average Value: 57500.0,Average Value:90648.5,57.649565217391306
Max Ernst ,Similar Objects,Similar Objects,
Max Ernst ,"['Ohne titel USD 81,250 6 7/8 x 10 in. (17.5 x 25.4 cm.)|', 'Ohne titel USD 75,000 3 ¾ x 13 ½ in. (9.4 x 34.3 cm.)|']","['Gracieux et subtil or Eclosion GBP 125,000 10 1/8 x 12 1/8 in. (25.6 x 30.7 cm.)|']",
Max Ernst ,"['Ohne titel USD 75,000 3 ¾ x 13 ½ in. (9.4 x 34.3 cm.)|', 'Ohne titel USD 81,250 6 7/8 x 10 in. (17.5 x 25.4 cm.)|']",,
Maximilien Luce ,Average Value: 194583.33333333334,Average Value:45324.25,-76.70702355460385
Maximilien Luce ,Similar Objects,Similar Objects,
Maximilien Luce ,"['La baignade à Bessy USD 6,875 16 ½ x 13 1/8 in. (41.3 x 33.4 cm.)|', 'Eragny, Les Meules USD 72,500 13 ½ x 20 in. (34.3 x 50.8 cm.)|', 'Le Pont des Arts USD 8,125 14 7/8 x 18 1/8 in. (37.8 x 46 cm.)|', 'Bateaux dans le port de Rotterdam USD 62,500 23 5/8 x 28 7/8 in. (60.1 x 73.2 cm.)|', 'Une Cuisine USD 1,002,500 25 5/8 x 21 ¼ in. (65.1 x 54 cm.)|', 'Péniches sur la Seine USD 15,000 19 3/8 x 25 5/8 in. (49.3 x 65.1 cm.)|']","['Rouen, le port GBP 62,500 32 x 39 1/2 in. (81.3 x 100.3 cm.)|']",
Maximilien Luce ,"['Une Cuisine USD 1,002,500 25 5/8 x 21 ¼ in. (65.1 x 54 cm.)|', 'Eragny, Les Meules USD 72,500 13 ½ x 20 in. (34.3 x 50.8 cm.)|', 'Péniches sur la Seine USD 15,000 19 3/8 x 25 5/8 in. (49.3 x 65.1 cm.)|', 'Bateaux dans le port de Rotterdam USD 62,500 23 5/8 x 28 7/8 in. (60.1 x 73.2 cm.)|', 'Le Pont des Arts USD 8,125 14 7/8 x 18 1/8 in. (37.8 x 46 cm.)|']",,
Maximilien Luce ,"['Péniches sur la Seine USD 15,000 19 3/8 x 25 5/8 in. (49.3 x 65.1 cm.)|', 'Une Cuisine USD 1,002,500 25 5/8 x 21 ¼ in. (65.1 x 54 cm.)|', 'Bateaux dans le port de Rotterdam USD 62,500 23 5/8 x 28 7/8 in. (60.1 x 73.2 cm.)|', 'La baignade à Bessy USD 6,875 16 ½ x 13 1/8 in. (41.3 x 33.4 cm.)|']",,
Maximilien Luce ,"['Eragny, Les Meules USD 72,500 13 ½ x 20 in. (34.3 x 50.8 cm.)|', 'La baignade à Bessy USD 6,875 16 ½ x 13 1/8 in. (41.3 x 33.4 cm.)|', 'Péniches sur la Seine USD 15,000 19 3/8 x 25 5/8 in. (49.3 x 65.1 cm.)|', 'Bateaux dans le port de Rotterdam USD 62,500 23 5/8 x 28 7/8 in. (60.1 x 73.2 cm.)|', 'Une Cuisine USD 1,002,500 25 5/8 x 21 ¼ in. (65.1 x 54 cm.)|', 'Le Pont des Arts USD 8,125 14 7/8 x 18 1/8 in. (37.8 x 46 cm.)|']",,
Maximilien Luce ,"['Le Pont des Arts USD 8,125 14 7/8 x 18 1/8 in. (37.8 x 46 cm.)|', 'La baignade à Bessy USD 6,875 16 ½ x 13 1/8 in. (41.3 x 33.4 cm.)|', 'Une Cuisine USD 1,002,500 25 5/8 x 21 ¼ in. (65.1 x 54 cm.)|', 'Bateaux dans le port de Rotterdam USD 62,500 23 5/8 x 28 7/8 in. (60.1 x 73.2 cm.)|', 'Péniches sur la Seine USD 15,000 19 3/8 x 25 5/8 in. (49.3 x 65.1 cm.)|', 'Eragny, Les Meules USD 72,500 13 ½ x 20 in. (34.3 x 50.8 cm.)|']",,
Maximilien Luce ,"['Bateaux dans le port de Rotterdam USD 62,500 23 5/8 x 28 7/8 in. (60.1 x 73.2 cm.)|', 'Une Cuisine USD 1,002,500 25 5/8 x 21 ¼ in. (65.1 x 54 cm.)|', 'Péniches sur la Seine USD 15,000 19 3/8 x 25 5/8 in. (49.3 x 65.1 cm.)|']",,
Moïse Kisling ,Average Value: 311500.0,Average Value:42967.389,-86.20629566613161
Moïse Kisling ,Similar Objects,Similar Objects,
Moïse Kisling ,"[""Portrait d'homme USD 112,500 24 x 19 ¾ in. (61 x 50 cm.)|"", 'Nu allongé sur un canapé bleu USD 510,500 31 ½ x 50 7/8 in. (80 x 129.3 cm.)|']","['Provence GBP 43,750 31 7/8 x 23 5/8 in. (81 x 60.2 cm.)|', 'Vase de lys GBP 65,000 21 1/4 x 28 3/4 in. (54 x 73 cm.)|', 'Port de carénage de Marseille GBP 58,750 15 x 21 3/4 in. (38.2 x 55.3 cm.)|']",
Moïse Kisling ,"['Nu allongé sur un canapé bleu USD 510,500 31 ½ x 50 7/8 in. (80 x 129.3 cm.)|']","['Petite tête brune GBP 68,750 16 1/8 x 10 5/8 in. (41 x 27 cm.)|', 'Port de carénage de Marseille GBP 58,750 15 x 21 3/4 in. (38.2 x 55.3 cm.)|', 'Pensées dans un vase blanc GBP 60,000 21 5/8 x 18 in. (55 x 45.7 cm.)|', 'Vase de lys GBP 65,000 21 1/4 x 28 3/4 in. (54 x 73 cm.)|', 'Provence GBP 43,750 31 7/8 x 23 5/8 in. (81 x 60.2 cm.)|']",
Moïse Kisling ,,"['Port de carénage de Marseille GBP 58,750 15 x 21 3/4 in. (38.2 x 55.3 cm.)|', 'Petite tête brune GBP 68,750 16 1/8 x 10 5/8 in. (41 x 27 cm.)|', 'Provence GBP 43,750 31 7/8 x 23 5/8 in. (81 x 60.2 cm.)|', 'Vase de lys GBP 65,000 21 1/4 x 28 3/4 in. (54 x 73 cm.)|', 'Pensées dans un vase blanc GBP 60,000 21 5/8 x 18 in. (55 x 45.7 cm.)|']",
Moïse Kisling ,,"['Pensées dans un vase blanc GBP 60,000 21 5/8 x 18 in. (55 x 45.7 cm.)|', 'Port de carénage de Marseille GBP 58,750 15 x 21 3/4 in. (38.2 x 55.3 cm.)|', 'Provence GBP 43,750 31 7/8 x 23 5/8 in. (81 x 60.2 cm.)|', 'Vase de lys GBP 65,000 21 1/4 x 28 3/4 in. (54 x 73 cm.)|']",
Moïse Kisling ,,"['Vase de lys GBP 65,000 21 1/4 x 28 3/4 in. (54 x 73 cm.)|', 'Pensées dans un vase blanc GBP 60,000 21 5/8 x 18 in. (55 x 45.7 cm.)|', 'Provence GBP 43,750 31 7/8 x 23 5/8 in. (81 x 60.2 cm.)|']",
Ossip Zadkine ,Average Value: 29166.666666666668,Average Value:302222.09900000005,936.1900537142857
Ossip Zadkine ,Similar Objects,Similar Objects,
Ossip Zadkine ,"['Les Amis USD 30,000 Height: 15 3/8 in. (38 cm.)|', 'Le Compositeur USD 37,500 Height: 24 ½ in. (62.2 cm.)|', ""L'autre personnage USD 20,000 Height: 21 ½ in. (54.6 cm.)|""]","['Jeune fille à la colombe GBP 416,750 Height: 31 1/2 in. (80 cm.)|']",
Ossip Zadkine ,"['Le Compositeur USD 37,500 Height: 24 ½ in. (62.2 cm.)|', ""L'autre personnage USD 20,000 Height: 21 ½ in. (54.6 cm.)|""]",,
Ossip Zadkine ,"[""L'autre personnage USD 20,000 Height: 21 ½ in. (54.6 cm.)|"", 'Le Compositeur USD 37,500 Height: 24 ½ in. (62.2 cm.)|']",,
Pablo Picasso ,Average Value: 602500.0,Average Value:242575.38600000003,-59.7385251452282
Pablo Picasso ,Similar Objects,Similar Objects,
Pablo Picasso ,"['Pichet à lampe (Visage découpé) USD 112,500 Height: 14 3/8 in. (36.4 cm.)|']","['Grand vase aux femmes voilées (AR 116) GBP 488,750 Height: 26 in. (66 cm.)|']",
Pablo Picasso ,"[""Nature morte à l'oiseau en cage USD 1,092,500 23 5/8 x 28 5/8 in. (59.9 x 72.7 cm.)|""]","[""Buste d'homme GBP 50,000 8 x 8 in. (20.3 x 20.3 cm.)|""]",
Paul Sérusier ,Average Value: 237500.0,Average Value:81583.65000000001,-65.6489894736842
Paul Sérusier ,Similar Objects,Similar Objects,
Paul Sérusier ,"['Pèlerinage USD 237,500 35 ¾ x 26 ¾ in. (91 x 68 cm.)|']","['Bretons dans la lande GBP 112,500 22 5/8 x 35 7/8 in. (57.5 x 91 cm.)|']",
Pierre Bonnard ,Average Value: 792500.0,Average Value:87249.18125,-88.99063958990536
Pierre Bonnard ,Similar Objects,Similar Objects,
Pierre Bonnard ,"['Jeune femme au chapeau noir USD 792,500 23 1/8 x 21 7/8 in. (59 x 55.7 cm.)|']","['Petite cuisine GBP 125,000 22 x 15 1/4 in. (56 x 38.8 cm.)|', 'Le Golfe, entre la Napoule et Saint-Raphaël GBP 93,750 17 1/8 x 22 in. (43.5 x 56 cm.)|', 'Le thé, bouquet de violettes GBP 162,500 33 1/2 x 23 1/2 in. (80.5 x 59.5 cm.)|', 'Bord de mer avec paysage GBP 100,000 14 7/8 x 18 1/8 in. (37 x 46 cm.)|']",
Pierre Bonnard ,,"['Le Golfe, entre la Napoule et Saint-Raphaël GBP 93,750 17 1/8 x 22 in. (43.5 x 56 cm.)|', 'Le thé, bouquet de violettes GBP 162,500 33 1/2 x 23 1/2 in. (80.5 x 59.5 cm.)|', 'Bord de mer avec paysage GBP 100,000 14 7/8 x 18 1/8 in. (37 x 46 cm.)|', 'Petite cuisine GBP 125,000 22 x 15 1/4 in. (56 x 38.8 cm.)|']",
Pierre Bonnard ,,"['Le thé, bouquet de violettes GBP 162,500 33 1/2 x 23 1/2 in. (80.5 x 59.5 cm.)|', 'Le Golfe, entre la Napoule et Saint-Raphaël GBP 93,750 17 1/8 x 22 in. (43.5 x 56 cm.)|']",
Pierre Bonnard ,,"['Bord de mer avec paysage GBP 100,000 14 7/8 x 18 1/8 in. (37 x 46 cm.)|', 'Le thé, bouquet de violettes GBP 162,500 33 1/2 x 23 1/2 in. (80.5 x 59.5 cm.)|', 'Petite cuisine GBP 125,000 22 x 15 1/4 in. (56 x 38.8 cm.)|', 'Le Golfe, entre la Napoule et Saint-Raphaël GBP 93,750 17 1/8 x 22 in. (43.5 x 56 cm.)|']",
Pierre-Auguste Renoir ,Average Value: 397875.0,Average Value:138284.28675000003,-65.24428859566446
Pierre-Auguste Renoir ,Similar Objects,Similar Objects,
Pierre-Auguste Renoir ,"['Chemin aux Collettes avec tilleul USD 708,500 13 3/8 x 18 ½ in. (34 x 47 cm.)|', 'Roses dans un vase de fleurs USD 432,500 16 5/8 x 14 ½ in. (42.1 x 36.7 cm.)|', 'Coupe de fruits USD 348,500 9 5/8 x 15 in. (24.6 x 39.3 cm.)|', 'La maison de la poste à Cagnes USD 456,500 12 5/8 x 18 ¼ in. (32 x 46.3 cm.)|', 'Fillette lisant USD 372,500 12 x 9 ½ in. (30.3 x 24.2 cm.)|']","['Nature morte aux deux pommes GBP 62,500 5 3/8 x 7 in. (13.7 x 17.8 cm.)|', ""Paysage, chemin à la sortie d'un bois GBP 150,000 8 3/4 x 12 3/8 in. (22.2 x 31.3 cm.)|"", 'Claude Renoir jouant aux constructions GBP 512,750 10 1/4 x 8 5/8 in. (25.9 x 21.9 cm.)|']",
Pierre-Auguste Renoir ,"['Roses dans un vase de fleurs USD 432,500 16 5/8 x 14 ½ in. (42.1 x 36.7 cm.)|', 'La maison de la poste à Cagnes USD 456,500 12 5/8 x 18 ¼ in. (32 x 46.3 cm.)|', 'Coupe de fruits USD 348,500 9 5/8 x 15 in. (24.6 x 39.3 cm.)|', 'Chemin aux Collettes avec tilleul USD 708,500 13 3/8 x 18 ½ in. (34 x 47 cm.)|']","[""Paysage, chemin à la sortie d'un bois GBP 150,000 8 3/4 x 12 3/8 in. (22.2 x 31.3 cm.)|"", 'Claude Renoir jouant aux constructions GBP 512,750 10 1/4 x 8 5/8 in. (25.9 x 21.9 cm.)|', 'Nature morte aux deux pommes GBP 62,500 5 3/8 x 7 in. (13.7 x 17.8 cm.)|']",
Pierre-Auguste Renoir ,"['La maison de la poste à Cagnes USD 456,500 12 5/8 x 18 ¼ in. (32 x 46.3 cm.)|', 'Roses dans un vase de fleurs USD 432,500 16 5/8 x 14 ½ in. (42.1 x 36.7 cm.)|', 'Chemin aux Collettes avec tilleul USD 708,500 13 3/8 x 18 ½ in. (34 x 47 cm.)|', 'Coupe de fruits USD 348,500 9 5/8 x 15 in. (24.6 x 39.3 cm.)|', 'Fillette lisant USD 372,500 12 x 9 ½ in. (30.3 x 24.2 cm.)|']","['Claude Renoir jouant aux constructions GBP 512,750 10 1/4 x 8 5/8 in. (25.9 x 21.9 cm.)|', ""Paysage, chemin à la sortie d'un bois GBP 150,000 8 3/4 x 12 3/8 in. (22.2 x 31.3 cm.)|"", 'Nature morte aux deux pommes GBP 62,500 5 3/8 x 7 in. (13.7 x 17.8 cm.)|']",
Pierre-Auguste Renoir ,"['Fillette lisant USD 372,500 12 x 9 ½ in. (30.3 x 24.2 cm.)|', 'La maison de la poste à Cagnes USD 456,500 12 5/8 x 18 ¼ in. (32 x 46.3 cm.)|', 'Chemin aux Collettes avec tilleul USD 708,500 13 3/8 x 18 ½ in. (34 x 47 cm.)|', 'Roses dans un vase de fleurs USD 432,500 16 5/8 x 14 ½ in. (42.1 x 36.7 cm.)|', 'Coupe de fruits USD 348,500 9 5/8 x 15 in. (24.6 x 39.3 cm.)|']","['Petite Vénus à la pomme au socle GBP 37,500 Height: 32 3/8 in. (82.2 cm.)|']",
Pierre-Auguste Renoir ,"['Coupe de fruits USD 348,500 9 5/8 x 15 in. (24.6 x 39.3 cm.)|', 'Roses dans un vase de fleurs USD 432,500 16 5/8 x 14 ½ in. (42.1 x 36.7 cm.)|', 'Chemin aux Collettes avec tilleul USD 708,500 13 3/8 x 18 ½ in. (34 x 47 cm.)|', 'Fillette lisant USD 372,500 12 x 9 ½ in. (30.3 x 24.2 cm.)|', 'La maison de la poste à Cagnes USD 456,500 12 5/8 x 18 ¼ in. (32 x 46.3 cm.)|']",,
Raoul Dufy ,Average Value: 374833.3333333333,Average Value:97447.1375,-74.002542240996
Raoul Dufy ,Similar Objects,Similar Objects,
Raoul Dufy ,"['La flotte à Villefranche USD 348,500 25 5/8 x 31 7/8 in. (65.1 x 80.9 cm.)|', 'Le bassin de Deauville USD 588,500 13 x 32 ½ in. (33 x 82.5 cm.)|']","['Les pêcheurs GBP 162,500 18 1/8 x 21 3/4 in. (45.9 x 55.1 cm.)|', 'La maison dans les arbres GBP 187,500 28 3/4 x 23 3/4 in. (73 x 60.2 cm.)|', 'Epsom, la course GBP 150,000 15 x 18 1/4 in. (37.8 x 46.4 cm.)|', 'Nu debout GBP 37,500 15 1/8 x 8 1/4 in. (38.5 x 21 cm.)|']",
Raoul Dufy ,"['L\'Hôtel Suisse à Nice et le tournant de ""Rauba Capeu"" USD 187,500 15 x 18 1/8 in. (38 x 46.1 cm.)|', 'Le bassin de Deauville USD 588,500 13 x 32 ½ in. (33 x 82.5 cm.)|', 'La flotte à Villefranche USD 348,500 25 5/8 x 31 7/8 in. (65.1 x 80.9 cm.)|']","['La maison dans les arbres GBP 187,500 28 3/4 x 23 3/4 in. (73 x 60.2 cm.)|', 'Les pêcheurs GBP 162,500 18 1/8 x 21 3/4 in. (45.9 x 55.1 cm.)|']",
Raoul Dufy ,"['Le bassin de Deauville USD 588,500 13 x 32 ½ in. (33 x 82.5 cm.)|', 'L\'Hôtel Suisse à Nice et le tournant de ""Rauba Capeu"" USD 187,500 15 x 18 1/8 in. (38 x 46.1 cm.)|', 'La flotte à Villefranche USD 348,500 25 5/8 x 31 7/8 in. (65.1 x 80.9 cm.)|']","['Epsom, la course GBP 150,000 15 x 18 1/4 in. (37.8 x 46.4 cm.)|', 'La maison dans les arbres GBP 187,500 28 3/4 x 23 3/4 in. (73 x 60.2 cm.)|', 'Les pêcheurs GBP 162,500 18 1/8 x 21 3/4 in. (45.9 x 55.1 cm.)|', 'Nu debout GBP 37,500 15 1/8 x 8 1/4 in. (38.5 x 21 cm.)|']",
Raoul Dufy ,,"['Nu debout GBP 37,500 15 1/8 x 8 1/4 in. (38.5 x 21 cm.)|', 'Epsom, la course GBP 150,000 15 x 18 1/4 in. (37.8 x 46.4 cm.)|', 'Les pêcheurs GBP 162,500 18 1/8 x 21 3/4 in. (45.9 x 55.1 cm.)|', 'La maison dans les arbres GBP 187,500 28 3/4 x 23 3/4 in. (73 x 60.2 cm.)|']",
Tamara De Lempicka ,Average Value: 203125.0,Average Value:63453.950000000004,-68.7611323076923
Tamara De Lempicka ,Similar Objects,Similar Objects,
Tamara De Lempicka ,"['Bouquet de violettes USD 150,000 12 7/8 x 9 3/8 in. (32.7 x 23.9 cm.)|']","[""Portrait d'une jeune fille rousse (recto); Étude abstraite (verso) GBP 87,500 10 5/8 x 8 5/8 in. (27 x 22 cm.)|""]",
Édouard Vuillard ,Average Value: 197333.33333333334,Average Value:58015.04,-70.60048648648649
Édouard Vuillard ,Similar Objects,Similar Objects,
Édouard Vuillard ,"['Quatre personnages devant un parapet USD 187,500 12 7/8 x 17 1/8 in. (39.7 x 43.8 cm.)|', 'La Consultation USD 150,000 27 x 17 7/8 in. (68.6 x 45.4 cm.)|', 'Annette et sa mère, rue de la Tour USD 87,500 19 3/8 x 18 1/8 in. (49.3 x 46 cm.)|', 'Le peintre Maximilien Luce dans son atelier USD 212,500 9 7/8 x 14 7/8 in. (25.1 x 37.9 cm.)|']","['La femme au châle GBP 106,250 9 x 5 3/4 in. (23 x 14.7 cm.)|', 'Le Salon chez Marcelle Aron GBP 80,000 25 5/8 x 22 1/4 in. (65 x 56.4 cm.)|', 'Moulin à Saint-Jacut or Les Villas GBP 60,000 33 1/2 x 42 in. (85 x 106.4 cm.)|', ""Madame Hessel et Lulu devant la fenêtre de l'hôtel à La Baule GBP 28,750 18 1/4 x 20 3/8 in. (46.2 x 51.8 cm.)|"", 'Square Berlioz GBP 125,000 21 3/8 x 20 3/4 in. (53 x 54.4 cm.)|']",
Édouard Vuillard ,"['Le peintre Maximilien Luce dans son atelier USD 212,500 9 7/8 x 14 7/8 in. (25.1 x 37.9 cm.)|', 'La grande serviette USD 150,000 11 3/8 x 9 1/8 in. (23 x 27.9 cm.) (oval)|', 'Tasse et mandarine USD 396,500 7 ½ x 9 7/8 in. (19 x 25.1 cm.)|', 'Annette et sa mère, rue de la Tour USD 87,500 19 3/8 x 18 1/8 in. (49.3 x 46 cm.)|', 'La Consultation USD 150,000 27 x 17 7/8 in. (68.6 x 45.4 cm.)|', 'Quatre personnages devant un parapet USD 187,500 12 7/8 x 17 1/8 in. (39.7 x 43.8 cm.)|']","['Le Salon chez Marcelle Aron GBP 80,000 25 5/8 x 22 1/4 in. (65 x 56.4 cm.)|', 'Square Berlioz GBP 125,000 21 3/8 x 20 3/4 in. (53 x 54.4 cm.)|', ""Madame Hessel et Lulu devant la fenêtre de l'hôtel à La Baule GBP 28,750 18 1/4 x 20 3/8 in. (46.2 x 51.8 cm.)|"", 'Moulin à Saint-Jacut or Les Villas GBP 60,000 33 1/2 x 42 in. (85 x 106.4 cm.)|']",
Édouard Vuillard ,"['Tasse et mandarine USD 396,500 7 ½ x 9 7/8 in. (19 x 25.1 cm.)|', 'Le peintre Maximilien Luce dans son atelier USD 212,500 9 7/8 x 14 7/8 in. (25.1 x 37.9 cm.)|', 'Annette et sa mère, rue de la Tour USD 87,500 19 3/8 x 18 1/8 in. (49.3 x 46 cm.)|', 'La grande serviette USD 150,000 11 3/8 x 9 1/8 in. (23 x 27.9 cm.) (oval)|', 'Quatre personnages devant un parapet USD 187,500 12 7/8 x 17 1/8 in. (39.7 x 43.8 cm.)|', 'La Consultation USD 150,000 27 x 17 7/8 in. (68.6 x 45.4 cm.)|']","['Square Berlioz GBP 125,000 21 3/8 x 20 3/4 in. (53 x 54.4 cm.)|', 'Le Salon chez Marcelle Aron GBP 80,000 25 5/8 x 22 1/4 in. (65 x 56.4 cm.)|', 'Moulin à Saint-Jacut or Les Villas GBP 60,000 33 1/2 x 42 in. (85 x 106.4 cm.)|', ""Madame Hessel et Lulu devant la fenêtre de l'hôtel à La Baule GBP 28,750 18 1/4 x 20 3/8 in. (46.2 x 51.8 cm.)|""]",
Édouard Vuillard ,"['La grande serviette USD 150,000 11 3/8 x 9 1/8 in. (23 x 27.9 cm.) (oval)|', 'Quatre personnages devant un parapet USD 187,500 12 7/8 x 17 1/8 in. (39.7 x 43.8 cm.)|', 'Tasse et mandarine USD 396,500 7 ½ x 9 7/8 in. (19 x 25.1 cm.)|', 'Annette et sa mère, rue de la Tour USD 87,500 19 3/8 x 18 1/8 in. (49.3 x 46 cm.)|', 'Le peintre Maximilien Luce dans son atelier USD 212,500 9 7/8 x 14 7/8 in. (25.1 x 37.9 cm.)|', 'La Consultation USD 150,000 27 x 17 7/8 in. (68.6 x 45.4 cm.)|']","[""Madame Hessel et Lulu devant la fenêtre de l'hôtel à La Baule GBP 28,750 18 1/4 x 20 3/8 in. (46.2 x 51.8 cm.)|"", 'Square Berlioz GBP 125,000 21 3/8 x 20 3/4 in. (53 x 54.4 cm.)|', 'Le Salon chez Marcelle Aron GBP 80,000 25 5/8 x 22 1/4 in. (65 x 56.4 cm.)|', 'Moulin à Saint-Jacut or Les Villas GBP 60,000 33 1/2 x 42 in. (85 x 106.4 cm.)|']",
Édouard Vuillard ,"['La Consultation USD 150,000 27 x 17 7/8 in. (68.6 x 45.4 cm.)|', 'Quatre personnages devant un parapet USD 187,500 12 7/8 x 17 1/8 in. (39.7 x 43.8 cm.)|', 'Le peintre Maximilien Luce dans son atelier USD 212,500 9 7/8 x 14 7/8 in. (25.1 x 37.9 cm.)|', 'Annette et sa mère, rue de la Tour USD 87,500 19 3/8 x 18 1/8 in. (49.3 x 46 cm.)|']","['Moulin à Saint-Jacut or Les Villas GBP 60,000 33 1/2 x 42 in. (85 x 106.4 cm.)|']",
Édouard Vuillard ,"['Annette et sa mère, rue de la Tour USD 87,500 19 3/8 x 18 1/8 in. (49.3 x 46 cm.)|', 'Le peintre Maximilien Luce dans son atelier USD 212,500 9 7/8 x 14 7/8 in. (25.1 x 37.9 cm.)|', 'Quatre personnages devant un parapet USD 187,500 12 7/8 x 17 1/8 in. (39.7 x 43.8 cm.)|', 'La Consultation USD 150,000 27 x 17 7/8 in. (68.6 x 45.4 cm.)|']",,
